<?xml version="1.0" encoding="UTF-8"?>
<document type="com.apple.InterfaceBuilder3.CocoaTouch.Storyboard.XIB" version="3.0" toolsVersion="17701" targetRuntime="iOS.CocoaTouch" propertyAccessControl="none" useAutolayout="YES" useTraitCollections="YES" useSafeAreas="YES" colorMatched="YES" initialViewController="BYZ-38-t0r">
    <device id="retina6_1" orientation="portrait" appearance="light"/>
    <dependencies>
        <plugIn identifier="com.apple.InterfaceBuilder.IBCocoaTouchPlugin" version="17703"/>
        <capability name="Safe area layout guides" minToolsVersion="9.0"/>
        <capability name="System colors in document resources" minToolsVersion="11.0"/>
        <capability name="documents saved in the Xcode 8 format" minToolsVersion="8.0"/>
    </dependencies>
    <scenes>
        <!--Game View Controller-->
        <scene sceneID="cc0-Z3-D6H">
            <objects>
                <viewController id="4Xw-33-Mdi" customClass="GameViewController" customModule="Tarea1" customModuleProvider="target" sceneMemberID="viewController">
                    <view key="view" contentMode="scaleToFill" id="m3G-hF-en6">
                        <rect key="frame" x="0.0" y="0.0" width="414" height="842"/>
                        <autoresizingMask key="autoresizingMask" widthSizable="YES" heightSizable="YES"/>
                        <subviews>
                            <textView clipsSubviews="YES" multipleTouchEnabled="YES" contentMode="scaleToFill" text="Memoriza el paisaje" textAlignment="center" translatesAutoresizingMaskIntoConstraints="NO" id="yqB-ie-DeY">
                                <rect key="frame" x="62" y="66" width="290" height="116"/>
                                <color key="backgroundColor" systemColor="systemBackgroundColor"/>
                                <constraints>
                                    <constraint firstAttribute="height" constant="116" id="Nok-vQ-Jvh"/>
                                </constraints>
                                <color key="textColor" systemColor="systemIndigoColor"/>
                                <fontDescription key="fontDescription" type="system" pointSize="42"/>
                                <textInputTraits key="textInputTraits" autocapitalizationType="sentences"/>
                            </textView>
                            <imageView clipsSubviews="YES" userInteractionEnabled="NO" contentMode="scaleToFill" horizontalHuggingPriority="251" verticalHuggingPriority="251" image="bigImageView" translatesAutoresizingMaskIntoConstraints="NO" id="XPz-HI-c6L">
                                <rect key="frame" x="62" y="286" width="290" height="261"/>
                                <constraints>
                                    <constraint firstAttribute="width" constant="290" id="3Vw-hj-po6"/>
                                    <constraint firstAttribute="height" constant="261" id="hm6-7C-FCL"/>
                                </constraints>
                            </imageView>
                        </subviews>
                        <viewLayoutGuide key="safeArea" id="eIP-6W-bnN"/>
                        <color key="backgroundColor" systemColor="systemPinkColor"/>
                        <constraints>
                            <constraint firstItem="XPz-HI-c6L" firstAttribute="centerX" secondItem="yqB-ie-DeY" secondAttribute="centerX" id="0ao-cq-9wn"/>
                            <constraint firstItem="XPz-HI-c6L" firstAttribute="centerX" secondItem="m3G-hF-en6" secondAttribute="centerX" id="4LO-vM-bXh"/>
                            <constraint firstItem="yqB-ie-DeY" firstAttribute="leading" secondItem="eIP-6W-bnN" secondAttribute="leading" constant="62" id="4jQ-o7-h1b"/>
                            <constraint firstItem="eIP-6W-bnN" firstAttribute="bottom" secondItem="XPz-HI-c6L" secondAttribute="bottom" constant="261" id="93c-sq-b54"/>
                            <constraint firstItem="yqB-ie-DeY" firstAttribute="top" secondItem="eIP-6W-bnN" secondAttribute="top" constant="66" id="NPW-IY-YiQ"/>
                            <constraint firstItem="XPz-HI-c6L" firstAttribute="leading" secondItem="eIP-6W-bnN" secondAttribute="leading" constant="62" id="vJ0-gS-T01"/>
                        </constraints>
                    </view>
                    <navigationItem key="navigationItem" id="VKH-Bd-xVF"/>
                    <connections>
                        <outlet property="bigImageView" destination="XPz-HI-c6L" id="uYY-UO-DRM"/>
                        <segue destination="TOw-eV-Xt9" kind="show" identifier="Resolver" destinationCreationSelector="BotonResolver:" id="9Ic-Ie-RGs"/>
                    </connections>
                </viewController>
                <placeholder placeholderIdentifier="IBFirstResponder" id="jTK-nt-ZXq" userLabel="First Responder" customClass="UIResponder" sceneMemberID="firstResponder"/>
            </objects>
            <point key="canvasLocation" x="553.62318840579712" y="93.75"/>
        </scene>
        <!--Random View Controller-->
        <scene sceneID="yja-E6-R0T">
            <objects>
                <viewController id="TOw-eV-Xt9" customClass="RandomViewController" customModule="Tarea1" customModuleProvider="target" sceneMemberID="viewController">
                    <view key="view" contentMode="scaleToFill" id="7z5-LQ-UuI">
                        <rect key="frame" x="0.0" y="0.0" width="414" height="842"/>
                        <autoresizingMask key="autoresizingMask" widthSizable="YES" heightSizable="YES"/>
                        <subviews>
                            <stackView opaque="NO" contentMode="scaleToFill" axis="vertical" distribution="fillEqually" spacing="10" translatesAutoresizingMaskIntoConstraints="NO" id="BKs-JA-ZRQ">
                                <rect key="frame" x="35" y="121" width="150" height="555"/>
                                <subviews>
                                    <button opaque="NO" contentMode="scaleToFill" contentHorizontalAlignment="center" contentVerticalAlignment="center" lineBreakMode="middleTruncation" translatesAutoresizingMaskIntoConstraints="NO" id="fFC-Or-cdN">
                                        <rect key="frame" x="0.0" y="0.0" width="150" height="178.5"/>
                                        <state key="normal" title="Button" image="Arboles"/>
                                        <connections>
                                            <action selector="BotonPulsado:" destination="TOw-eV-Xt9" eventType="touchUpInside" id="bPG-EY-HtE"/>
                                        </connections>
                                    </button>
                                    <button opaque="NO" tag="2" contentMode="scaleToFill" contentHorizontalAlignment="center" contentVerticalAlignment="center" lineBreakMode="middleTruncation" translatesAutoresizingMaskIntoConstraints="NO" id="hFb-G9-xyX">
                                        <rect key="frame" x="0.0" y="188.5" width="150" height="178"/>
                                        <state key="normal" title="Button" image="Barco"/>
                                        <connections>
                                            <action selector="BotonPulsado:" destination="TOw-eV-Xt9" eventType="touchUpInside" id="LDi-6b-t96"/>
                                        </connections>
                                    </button>
                                    <button opaque="NO" tag="4" contentMode="scaleToFill" contentHorizontalAlignment="center" contentVerticalAlignment="center" lineBreakMode="middleTruncation" translatesAutoresizingMaskIntoConstraints="NO" id="AwG-1W-1PN">
                                        <rect key="frame" x="0.0" y="376.5" width="150" height="178.5"/>
                                        <state key="normal" title="Button" image="Lago"/>
                                        <connections>
                                            <action selector="BotonPulsado:" destination="TOw-eV-Xt9" eventType="touchUpInside" id="6g9-Dv-bmH"/>
                                        </connections>
                                    </button>
                                </subviews>
                            </stackView>
                            <stackView opaque="NO" contentMode="scaleToFill" axis="vertical" distribution="fillEqually" spacing="10" translatesAutoresizingMaskIntoConstraints="NO" id="OaP-wf-0pz">
                                <rect key="frame" x="244" y="121" width="150" height="555"/>
                                <subviews>
                                    <button opaque="NO" tag="1" contentMode="scaleToFill" contentHorizontalAlignment="center" contentVerticalAlignment="center" lineBreakMode="middleTruncation" translatesAutoresizingMaskIntoConstraints="NO" id="XZk-Jb-Jwc">
                                        <rect key="frame" x="0.0" y="0.0" width="150" height="178.5"/>
                                        <state key="normal" title="Button" image="Montaña"/>
                                        <connections>
                                            <action selector="BotonPulsado:" destination="TOw-eV-Xt9" eventType="touchUpInside" id="KvK-To-5OG"/>
                                        </connections>
                                    </button>
                                    <button opaque="NO" tag="3" contentMode="scaleToFill" contentHorizontalAlignment="center" contentVerticalAlignment="center" lineBreakMode="middleTruncation" translatesAutoresizingMaskIntoConstraints="NO" id="Bxy-Px-OdP">
                                        <rect key="frame" x="0.0" y="188.5" width="150" height="178"/>
                                        <state key="normal" title="Button" image="puestaSol"/>
                                        <connections>
                                            <action selector="BotonPulsado:" destination="TOw-eV-Xt9" eventType="touchUpInside" id="NOO-Q7-RHL"/>
                                        </connections>
                                    </button>
                                    <button opaque="NO" tag="5" contentMode="scaleToFill" contentHorizontalAlignment="center" contentVerticalAlignment="center" lineBreakMode="middleTruncation" translatesAutoresizingMaskIntoConstraints="NO" id="RgN-mk-yZ7">
                                        <rect key="frame" x="0.0" y="376.5" width="150" height="178.5"/>
                                        <state key="normal" title="Button" image="Turquesa"/>
                                        <connections>
                                            <action selector="BotonPulsado:" destination="TOw-eV-Xt9" eventType="touchUpInside" id="nlr-J2-imO"/>
                                        </connections>
                                    </button>
                                </subviews>
                            </stackView>
                            <button opaque="NO" contentMode="scaleToFill" contentHorizontalAlignment="center" contentVerticalAlignment="center" buttonType="system" lineBreakMode="middleTruncation" translatesAutoresizingMaskIntoConstraints="NO" id="v8m-cv-M7U">
                                <rect key="frame" x="129" y="725" width="170" height="54"/>
                                <fontDescription key="fontDescription" type="system" pointSize="35"/>
                                <state key="normal" title="Comprobar">
                                    <color key="titleColor" systemColor="labelColor"/>
                                </state>
                                <connections>
                                    <action selector="Comprobar:" destination="TOw-eV-Xt9" eventType="touchUpInside" id="Mmq-bP-pqv"/>
                                </connections>
                            </button>
                            <textView clipsSubviews="YES" multipleTouchEnabled="YES" contentMode="scaleToFill" misplaced="YES" text="Ordena las imagenes anteriormente mostradas" textAlignment="center" translatesAutoresizingMaskIntoConstraints="NO" id="bB2-FB-aa2">
                                <rect key="frame" x="87" y="27" width="240" height="66"/>
                                <color key="backgroundColor" systemColor="systemBackgroundColor"/>
                                <color key="textColor" systemColor="labelColor"/>
                                <fontDescription key="fontDescription" type="system" pointSize="21"/>
                                <textInputTraits key="textInputTraits" autocapitalizationType="sentences"/>
                            </textView>
                        </subviews>
                        <viewLayoutGuide key="safeArea" id="hPC-x8-qaG"/>
                        <color key="backgroundColor" systemColor="systemPurpleColor"/>
                        <constraints>
                            <constraint firstItem="hPC-x8-qaG" firstAttribute="bottom" secondItem="v8m-cv-M7U" secondAttribute="bottom" constant="29" id="Jdc-yc-K3v"/>
                            <constraint firstItem="hPC-x8-qaG" firstAttribute="trailing" secondItem="BKs-JA-ZRQ" secondAttribute="trailing" constant="229" id="KmE-ma-tqa"/>
                            <constraint firstItem="OaP-wf-0pz" firstAttribute="leading" secondItem="BKs-JA-ZRQ" secondAttribute="trailing" constant="59" id="Lpa-H2-w23"/>
                            <constraint firstItem="v8m-cv-M7U" firstAttribute="leading" secondItem="hPC-x8-qaG" secondAttribute="leading" constant="129" id="OIP-kD-n3W"/>
                            <constraint firstItem="BKs-JA-ZRQ" firstAttribute="top" secondItem="hPC-x8-qaG" secondAttribute="top" constant="121" id="Odi-Ia-Fxx"/>
                            <constraint firstItem="hPC-x8-qaG" firstAttribute="trailing" secondItem="OaP-wf-0pz" secondAttribute="trailing" constant="20" id="Ofn-Nh-jdH"/>
                            <constraint firstItem="BKs-JA-ZRQ" firstAttribute="leading" secondItem="hPC-x8-qaG" secondAttribute="leading" constant="35" id="WJJ-9L-D69"/>
                            <constraint firstItem="OaP-wf-0pz" firstAttribute="top" secondItem="hPC-x8-qaG" secondAttribute="top" constant="121" id="Yuj-Ty-v1J"/>
                            <constraint firstItem="hPC-x8-qaG" firstAttribute="trailing" secondItem="bB2-FB-aa2" secondAttribute="trailing" constant="87" id="aLZ-bg-Fvi"/>
                            <constraint firstItem="bB2-FB-aa2" firstAttribute="leading" secondItem="hPC-x8-qaG" secondAttribute="leading" constant="87" id="hhM-f5-LKW"/>
                            <constraint firstItem="hPC-x8-qaG" firstAttribute="bottom" secondItem="BKs-JA-ZRQ" secondAttribute="bottom" constant="132" id="nLu-Tg-bcp"/>
                            <constraint firstItem="BKs-JA-ZRQ" firstAttribute="top" secondItem="bB2-FB-aa2" secondAttribute="bottom" constant="8" symbolic="YES" id="pQr-8S-nAA"/>
                            <constraint firstItem="hPC-x8-qaG" firstAttribute="trailing" secondItem="v8m-cv-M7U" secondAttribute="trailing" constant="115" id="riF-Pu-wb6"/>
                            <constraint firstItem="hPC-x8-qaG" firstAttribute="bottom" secondItem="OaP-wf-0pz" secondAttribute="bottom" constant="132" id="t4R-he-GSG"/>
                            <constraint firstItem="bB2-FB-aa2" firstAttribute="top" secondItem="hPC-x8-qaG" secondAttribute="top" constant="27" id="xKs-Nt-Q5U"/>
                        </constraints>
                    </view>
                    <navigationItem key="navigationItem" id="GSV-rs-xIu"/>
                    <connections>
                        <outlet property="BotonComprobar" destination="v8m-cv-M7U" id="uF5-ic-5u8"/>
                        <outletCollection property="Botones" destination="fFC-Or-cdN" collectionClass="NSMutableArray" id="eO9-XT-J3y"/>
                        <outletCollection property="Botones" destination="hFb-G9-xyX" collectionClass="NSMutableArray" id="wZV-rg-7Qc"/>
                        <outletCollection property="Botones" destination="AwG-1W-1PN" collectionClass="NSMutableArray" id="qtR-6D-gfU"/>
                        <outletCollection property="Botones" destination="XZk-Jb-Jwc" collectionClass="NSMutableArray" id="F9W-7e-rYb"/>
                        <outletCollection property="Botones" destination="Bxy-Px-OdP" collectionClass="NSMutableArray" id="CzJ-hh-K9s"/>
                        <outletCollection property="Botones" destination="RgN-mk-yZ7" collectionClass="NSMutableArray" id="5hG-Z0-vAj"/>
                        <segue destination="QQg-D1-KUY" kind="presentation" identifier="Comprobar" id="yIV-80-YWH"/>
                    </connections>
                </viewController>
                <placeholder placeholderIdentifier="IBFirstResponder" id="7ur-vM-4Dc" userLabel="First Responder" customClass="UIResponder" sceneMemberID="firstResponder"/>
            </objects>
            <point key="canvasLocation" x="1420" y="94"/>
        </scene>
        <!--Ranking View Controller-->
        <scene sceneID="c8N-Cs-jSe">
            <objects>
                <viewController id="QQg-D1-KUY" userLabel="Ranking View Controller" customClass="PuntuacionViewController" customModule="Tarea1" customModuleProvider="target" sceneMemberID="viewController">
                    <view key="view" contentMode="scaleToFill" id="hIW-0y-cV9">
                        <rect key="frame" x="0.0" y="0.0" width="414" height="842"/>
                        <autoresizingMask key="autoresizingMask" widthSizable="YES" heightSizable="YES"/>
                        <subviews>
                            <tableView clipsSubviews="YES" contentMode="scaleToFill" alwaysBounceVertical="YES" dataMode="prototypes" style="plain" separatorStyle="default" rowHeight="-1" estimatedRowHeight="-1" sectionHeaderHeight="28" sectionFooterHeight="28" translatesAutoresizingMaskIntoConstraints="NO" id="Irv-TD-wXD">
                                <rect key="frame" x="61" y="164" width="292" height="378"/>
                                <color key="backgroundColor" systemColor="systemBackgroundColor"/>
                                <prototypes>
                                    <tableViewCell clipsSubviews="YES" contentMode="scaleToFill" preservesSuperviewLayoutMargins="YES" selectionStyle="default" indentationWidth="10" reuseIdentifier="CellView" id="xOP-Je-JzD" customClass="CellView" customModule="Tarea1" customModuleProvider="target">
                                        <rect key="frame" x="0.0" y="28" width="292" height="43"/>
                                        <autoresizingMask key="autoresizingMask"/>
                                        <tableViewCellContentView key="contentView" opaque="NO" clipsSubviews="YES" multipleTouchEnabled="YES" contentMode="center" preservesSuperviewLayoutMargins="YES" insetsLayoutMarginsFromSafeArea="NO" tableViewCell="xOP-Je-JzD" id="bbQ-2b-fUe">
                                            <rect key="frame" x="0.0" y="0.0" width="292" height="43"/>
                                            <autoresizingMask key="autoresizingMask"/>
                                            <subviews>
                                                <label opaque="NO" userInteractionEnabled="NO" contentMode="left" horizontalHuggingPriority="251" verticalHuggingPriority="251" text="Nombre" textAlignment="natural" lineBreakMode="tailTruncation" baselineAdjustment="alignBaselines" adjustsFontSizeToFit="NO" translatesAutoresizingMaskIntoConstraints="NO" id="plr-Sk-JIZ">
                                                    <rect key="frame" x="16" y="11" width="62" height="21"/>
                                                    <fontDescription key="fontDescription" type="system" pointSize="17"/>
                                                    <nil key="textColor"/>
                                                    <nil key="highlightedColor"/>
                                                </label>
                                                <label opaque="NO" userInteractionEnabled="NO" contentMode="left" horizontalHuggingPriority="251" verticalHuggingPriority="251" text="Puntos" textAlignment="natural" lineBreakMode="tailTruncation" baselineAdjustment="alignBaselines" adjustsFontSizeToFit="NO" translatesAutoresizingMaskIntoConstraints="NO" id="fnC-vZ-DVY">
                                                    <rect key="frame" x="211" y="11" width="54" height="21"/>
                                                    <fontDescription key="fontDescription" type="system" pointSize="17"/>
                                                    <nil key="textColor"/>
                                                    <nil key="highlightedColor"/>
                                                </label>
                                            </subviews>
                                            <constraints>
                                                <constraint firstItem="plr-Sk-JIZ" firstAttribute="centerY" secondItem="bbQ-2b-fUe" secondAttribute="centerY" id="DXd-vL-9XR"/>
                                                <constraint firstItem="plr-Sk-JIZ" firstAttribute="leading" secondItem="bbQ-2b-fUe" secondAttribute="leadingMargin" id="Up5-jy-a20"/>
                                                <constraint firstAttribute="trailingMargin" secondItem="fnC-vZ-DVY" secondAttribute="trailing" constant="11" id="VFa-dd-5bv"/>
                                                <constraint firstItem="plr-Sk-JIZ" firstAttribute="top" secondItem="bbQ-2b-fUe" secondAttribute="topMargin" id="WU0-Zh-Rlb"/>
                                                <constraint firstItem="plr-Sk-JIZ" firstAttribute="firstBaseline" secondItem="fnC-vZ-DVY" secondAttribute="firstBaseline" id="XcI-DC-ijt"/>
                                                <constraint firstItem="fnC-vZ-DVY" firstAttribute="leading" relation="greaterThanOrEqual" secondItem="plr-Sk-JIZ" secondAttribute="trailing" constant="8" symbolic="YES" id="dHn-4P-Zjf"/>
                                                <constraint firstItem="plr-Sk-JIZ" firstAttribute="baseline" secondItem="fnC-vZ-DVY" secondAttribute="baseline" id="lTA-Wb-HBL"/>
                                            </constraints>
                                        </tableViewCellContentView>
                                        <connections>
                                            <outlet property="Nombre" destination="plr-Sk-JIZ" id="9Q2-e1-zLB"/>
                                            <outlet property="Puntos" destination="fnC-vZ-DVY" id="Dyr-4U-OdE"/>
                                        </connections>
                                    </tableViewCell>
                                </prototypes>
                            </tableView>
                            <textView clipsSubviews="YES" multipleTouchEnabled="YES" contentMode="scaleToFill" text="Puntuaciones" textAlignment="center" translatesAutoresizingMaskIntoConstraints="NO" id="rUO-mY-SzW">
                                <rect key="frame" x="87" y="60" width="240" height="57"/>
                                <color key="backgroundColor" systemColor="systemBackgroundColor"/>
                                <constraints>
                                    <constraint firstAttribute="height" constant="57" id="GnM-AY-gbl"/>
                                </constraints>
                                <color key="textColor" systemColor="systemPinkColor"/>
                                <fontDescription key="fontDescription" type="system" pointSize="33"/>
                                <textInputTraits key="textInputTraits" autocapitalizationType="sentences"/>
                            </textView>
                            <textView clipsSubviews="YES" multipleTouchEnabled="YES" contentMode="scaleToFill" text="Puntuacion: " translatesAutoresizingMaskIntoConstraints="NO" id="GPN-82-O4q">
                                <rect key="frame" x="61" y="588" width="251" height="43"/>
                                <color key="backgroundColor" systemColor="systemBackgroundColor"/>
                                <color key="textColor" systemColor="labelColor"/>
                                <fontDescription key="fontDescription" type="system" pointSize="32"/>
                                <textInputTraits key="textInputTraits" autocapitalizationType="sentences"/>
                            </textView>
                            <button opaque="NO" contentMode="scaleToFill" contentHorizontalAlignment="center" contentVerticalAlignment="center" buttonType="system" lineBreakMode="middleTruncation" translatesAutoresizingMaskIntoConstraints="NO" id="Yk8-6I-H6u">
                                <rect key="frame" x="79.5" y="704" width="214" height="42"/>
                                <fontDescription key="fontDescription" type="system" pointSize="25"/>
                                <state key="normal" title="Publicar Puntuacion"/>
                                <connections>
                                    <action selector="GuardarDatos:" destination="QQg-D1-KUY" eventType="touchUpInside" id="We1-hK-6jb"/>
                                </connections>
                            </button>
                        </subviews>
                        <viewLayoutGuide key="safeArea" id="YAv-Rd-rlc"/>
                        <color key="backgroundColor" systemColor="systemOrangeColor"/>
                        <constraints>
                            <constraint firstAttribute="trailingMargin" secondItem="GPN-82-O4q" secondAttribute="trailing" constant="82" id="1rD-AZ-aKC"/>
                            <constraint firstItem="rUO-mY-SzW" firstAttribute="top" secondItem="YAv-Rd-rlc" secondAttribute="top" constant="60" id="7L0-pd-6Bh"/>
                            <constraint firstItem="Irv-TD-wXD" firstAttribute="top" secondItem="rUO-mY-SzW" secondAttribute="bottom" constant="47" id="82I-ea-2Xb"/>
                            <constraint firstItem="Yk8-6I-H6u" firstAttribute="top" secondItem="GPN-82-O4q" secondAttribute="bottom" constant="73" id="AA7-uN-hXO"/>
                            <constraint firstItem="GPN-82-O4q" firstAttribute="leading" secondItem="Irv-TD-wXD" secondAttribute="leading" id="Hcl-rE-CEX"/>
                            <constraint firstItem="Irv-TD-wXD" firstAttribute="leading" secondItem="YAv-Rd-rlc" secondAttribute="leading" constant="61" id="XMB-Su-iff"/>
                            <constraint firstItem="GPN-82-O4q" firstAttribute="centerX" secondItem="Yk8-6I-H6u" secondAttribute="centerX" id="XqC-0t-ciC"/>
                            <constraint firstItem="rUO-mY-SzW" firstAttribute="leading" secondItem="YAv-Rd-rlc" secondAttribute="leading" constant="87" id="aoh-Lf-7gL"/>
                            <constraint firstItem="YAv-Rd-rlc" firstAttribute="bottom" secondItem="Yk8-6I-H6u" secondAttribute="bottom" constant="62" id="igc-mb-LVM"/>
                            <constraint firstItem="rUO-mY-SzW" firstAttribute="centerX" secondItem="Irv-TD-wXD" secondAttribute="centerX" id="m8Y-R5-L6C"/>
                            <constraint firstItem="GPN-82-O4q" firstAttribute="top" secondItem="Irv-TD-wXD" secondAttribute="bottom" constant="46" id="pTE-Jb-3OD"/>
                            <constraint firstItem="YAv-Rd-rlc" firstAttribute="trailing" relation="greaterThanOrEqual" secondItem="Yk8-6I-H6u" secondAttribute="trailing" id="s9j-5i-sqZ"/>
                            <constraint firstItem="YAv-Rd-rlc" firstAttribute="bottom" secondItem="Irv-TD-wXD" secondAttribute="bottom" constant="266" id="uBh-SM-u92"/>
                            <constraint firstItem="YAv-Rd-rlc" firstAttribute="trailing" secondItem="rUO-mY-SzW" secondAttribute="trailing" constant="87" id="yJb-Wf-Q4i"/>
                        </constraints>
                    </view>
                    <connections>
                        <outlet property="RankingTableView" destination="Irv-TD-wXD" id="gRl-gh-ayu"/>
                        <outlet property="ScoreText" destination="GPN-82-O4q" id="oHg-ub-qE2"/>
                    </connections>
                </viewController>
                <placeholder placeholderIdentifier="IBFirstResponder" id="2eR-16-foa" userLabel="First Responder" customClass="UIResponder" sceneMemberID="firstResponder"/>
            </objects>
            <point key="canvasLocation" x="2439.130434782609" y="124.55357142857142"/>
        </scene>
        <!--View Controller-->
        <scene sceneID="tne-QT-ifu">
            <objects>
                <viewController id="BYZ-38-t0r" customClass="ViewController" customModule="Tarea1" customModuleProvider="target" sceneMemberID="viewController">
                    <view key="view" contentMode="scaleToFill" id="8bC-Xf-vdC">
                        <rect key="frame" x="0.0" y="0.0" width="414" height="896"/>
                        <autoresizingMask key="autoresizingMask" widthSizable="YES" heightSizable="YES"/>
                        <subviews>
                            <textView clipsSubviews="YES" multipleTouchEnabled="YES" contentMode="scaleToFill" text="Landscape of Memories" textAlignment="center" translatesAutoresizingMaskIntoConstraints="NO" id="G9d-9y-2P3">
                                <rect key="frame" x="87" y="144" width="240" height="127"/>
                                <color key="backgroundColor" systemColor="systemBackgroundColor"/>
                                <constraints>
                                    <constraint firstAttribute="height" constant="127" id="WDJ-8X-80m"/>
                                </constraints>
                                <color key="textColor" systemColor="systemOrangeColor"/>
                                <fontDescription key="fontDescription" type="italicSystem" pointSize="42"/>
                                <textInputTraits key="textInputTraits" autocapitalizationType="sentences"/>
                            </textView>
                            <textView clipsSubviews="YES" multipleTouchEnabled="YES" contentMode="scaleToFill" text="Nombre: " translatesAutoresizingMaskIntoConstraints="NO" id="fp2-Xg-5CQ">
                                <rect key="frame" x="50" y="394" width="277" height="43"/>
                                <color key="backgroundColor" systemColor="systemBackgroundColor"/>
                                <constraints>
                                    <constraint firstAttribute="height" constant="43" id="dEy-Zi-Zzd"/>
                                </constraints>
                                <color key="textColor" systemColor="labelColor"/>
                                <fontDescription key="fontDescription" type="system" pointSize="24"/>
                                <textInputTraits key="textInputTraits" autocapitalizationType="sentences"/>
                            </textView>
                            <button opaque="NO" contentMode="scaleToFill" misplaced="YES" contentHorizontalAlignment="center" contentVerticalAlignment="center" buttonType="system" lineBreakMode="middleTruncation" translatesAutoresizingMaskIntoConstraints="NO" id="21M-vX-OFX">
                                <rect key="frame" x="72" y="481" width="271" height="42"/>
                                <constraints>
                                    <constraint firstAttribute="height" constant="42" id="Lqv-bw-cC1"/>
                                </constraints>
                                <fontDescription key="fontDescription" type="system" pointSize="32"/>
                                <state key="normal" title="Comenzar el Juego"/>
                                <connections>
                                    <action selector="BotonInicio:" destination="BYZ-38-t0r" eventType="touchUpInside" id="pmP-oG-lpx"/>
                                </connections>
                            </button>
                        </subviews>
                        <viewLayoutGuide key="safeArea" id="6Tk-OE-BBY"/>
                        <color key="backgroundColor" systemColor="systemRedColor"/>
                        <constraints>
                            <constraint firstItem="G9d-9y-2P3" firstAttribute="leading" secondItem="6Tk-OE-BBY" secondAttribute="leading" constant="87" id="72k-Mn-xxE"/>
                            <constraint firstItem="21M-vX-OFX" firstAttribute="leading" secondItem="6Tk-OE-BBY" secondAttribute="leading" constant="72" id="9NJ-At-bKw"/>
                            <constraint firstItem="G9d-9y-2P3" firstAttribute="top" secondItem="6Tk-OE-BBY" secondAttribute="top" constant="100" id="JfM-SD-aSd"/>
                            <constraint firstItem="21M-vX-OFX" firstAttribute="centerX" secondItem="8bC-Xf-vdC" secondAttribute="centerX" id="O6n-S4-9yn"/>
                            <constraint firstItem="fp2-Xg-5CQ" firstAttribute="leading" secondItem="6Tk-OE-BBY" secondAttribute="leading" constant="50" id="OoP-v4-Mxu"/>
                            <constraint firstItem="21M-vX-OFX" firstAttribute="centerX" secondItem="G9d-9y-2P3" secondAttribute="centerX" id="YB2-UO-v5V"/>
                            <constraint firstItem="G9d-9y-2P3" firstAttribute="trailing" secondItem="fp2-Xg-5CQ" secondAttribute="trailing" id="b65-eo-K1g"/>
                            <constraint firstItem="21M-vX-OFX" firstAttribute="top" secondItem="fp2-Xg-5CQ" secondAttribute="bottom" constant="44" id="sbU-pY-XJi"/>
                            <constraint firstItem="6Tk-OE-BBY" firstAttribute="bottom" secondItem="21M-vX-OFX" secondAttribute="bottom" constant="339" id="xij-b6-kvU"/>
                        </constraints>
                    </view>
                    <connections>
                        <outlet property="NombreTextView" destination="fp2-Xg-5CQ" id="ZJa-f5-Zkd"/>
                        <segue destination="4Xw-33-Mdi" kind="show" identifier="toGame" id="Tvr-RX-E4b"/>
                    </connections>
                </viewController>
                <placeholder placeholderIdentifier="IBFirstResponder" id="dkx-z0-nzr" sceneMemberID="firstResponder"/>
            </objects>
            <point key="canvasLocation" x="-323.1884057971015" y="93.75"/>
        </scene>
    </scenes>
    <resources>
        <image name="Arboles" width="338" height="338"/>
        <image name="Barco" width="338" height="338"/>
        <image name="Lago" width="338" height="338"/>
        <image name="Montaña" width="225" height="225"/>
        <image name="Turquesa" width="338" height="338"/>
        <image name="bigImageView" width="128" height="128"/>
        <image name="puestaSol" width="338" height="338"/>
        <systemColor name="labelColor">
            <color white="0.0" alpha="1" colorSpace="custom" customColorSpace="genericGamma22GrayColorSpace"/>
        </systemColor>
        <systemColor name="systemBackgroundColor">
            <color white="1" alpha="1" colorSpace="custom" customColorSpace="genericGamma22GrayColorSpace"/>
        </systemColor>
        <systemColor name="systemIndigoColor">
            <color red="0.34509803921568627" green="0.33725490196078434" blue="0.83921568627450982" alpha="1" colorSpace="custom" customColorSpace="sRGB"/>
        </systemColor>
        <systemColor name="systemOrangeColor">
            <color red="1" green="0.58431372549019611" blue="0.0" alpha="1" colorSpace="custom" customColorSpace="sRGB"/>
        </systemColor>
        <systemColor name="systemPinkColor">
            <color red="1" green="0.17647058823529413" blue="0.33333333333333331" alpha="1" colorSpace="custom" customColorSpace="sRGB"/>
        </systemColor>
        <systemColor name="systemPurpleColor">
            <color red="0.68627450980392157" green="0.32156862745098042" blue="0.87058823529411766" alpha="1" colorSpace="custom" customColorSpace="sRGB"/>
        </systemColor>
        <systemColor name="systemRedColor">
            <color red="1" green="0.23137254901960785" blue="0.18823529411764706" alpha="1" colorSpace="custom" customColorSpace="sRGB"/>
        </systemColor>
    </resources>
</document>
